,type,text,likes,retweets,num_comments,url
0,nr,"Though there are only a few known cases in the U.S., the coronavirus outbreak has left some Asian-Americans feeling an unsettling level of public scrutiny  https://nyti.ms/2u8DhuU\xc2\xa0",294,105,40,twitter.com/nytimes/status/1229138385828225024
1,nr,"An American woman who left a cruise ship in Cambodia last week and flew to Malaysia with more than a hundred other passengers has tested positive for the coronavirus, Malaysia\xe2\x80\x99s deputy prime minister said on Sunday  https://nyti.ms/2HvkKvS\xc2\xa0",347,186,43,twitter.com/nytimes/status/1229113238077476866
2,nr,"As U.S. passengers prepared to evacuate, Japanese health officials said the number of confirmed coronavirus cases found on the Diamond Princess had grown to 355. \xe2\x80\x9cCan\xe2\x80\x99t get off here fast enough,\xe2\x80\x9d a medical social worker from California told reporters.  https://nyti.ms/39CpxaB\xc2\xa0",322,184,42,twitter.com/nytimes/status/1229103159714422789
3,nr,A Japanese couple who visited Hawaii tested positive for the coronavirus after returning to Japan. Hawaii health officials are investigating to see if anyone else was exposed.  https://nyti.ms/2UYgDQO\xc2\xa0,396,221,23,twitter.com/nytimes/status/1229098136272019457
4,nr,Chinese authorities have acknowledged that President Xi Jinping was aware of the coronavirus outbreak nearly 2 weeks before he first spoke publicly about it \xe2\x80\x94 and while officials at its epicenter were still playing down its dangers  https://nyti.ms/2uE1kCd\xc2\xa0,686,548,89,twitter.com/nytimes/status/1229057871041703939
5,nr,"After hundreds of passengers were allowed to disembark from a cruise ship in Cambodia, an American tested positive for coronavirus. Follow the latest on the coronavirus here.  https://nyti.ms/38JoyW0\xc2\xa0",343,171,28,twitter.com/nytimes/status/1229052819010924545
6,nr,"A Chinese tourist has died in France of the coronavirus, the French health minister said on Saturday, becoming the outbreak\xe2\x80\x99s first fatality in Europe and outside Asia  https://nyti.ms/2UUkqyE\xc2\xa0",291,168,16,twitter.com/nytimes/status/1228982798544973827
7,nr,"Breaking News: After hundreds of passengers were allowed to disembark from a cruise ship in Cambodia, an American tested positive for coronavirus.\n https://nyti.ms/2wdDk9d\xc2\xa0",498,295,57,twitter.com/nytimes/status/1228969879086260226
8,nr,"China is battling the coronavirus outbreak with grass-roots mobilization, essentially entrusting front line epidemic prevention to a supercharged version of a neighborhood watch  https://nyti.ms/37uKCCr\xc2\xa0",363,198,53,twitter.com/nytimes/status/1228898426491985921
9,nr,"A husband and wife, both in their 60s,\xc2\xa0tested positive for the coronavirus in Japan this week after returning from a 10-day vacation in Hawaii, health officials said  https://nyti.ms/2uCq2CZ\xc2\xa0",271,173,26,twitter.com/nytimes/status/1228869123444219905
10,nr,\xe2\x80\x9cWe want to speak.\xe2\x80\x9d Watch how Chinese citizens are documenting the coronavirus outbreak and staying ahead of government censors.\n https://nyti.ms/37PyKuT\xc2\xa0,1473,1004,61,twitter.com/nytimes/status/1231704064318152709
11,nr,"Italy has announced nearly 150 cases of the coronavirus, many in the densely populated region around Milan, as officials closed schools and canceled Venice\xe2\x80\x99s carnival celebrations\n https://nyti.ms/39YTge9\xc2\xa0",624,520,40,twitter.com/nytimes/status/1231696504374558721
12,nr,"China\xe2\x80\x99s top leader, Xi Jinping, told officials at a Communist Party meeting on Sunday that the coronavirus epidemic was \xe2\x80\x9ca crisis and a big test\xe2\x80\x9d for the country.\n\nLatest updates:\n  https://nyti.ms/2T6Srcu\xc2\xa0",314,138,45,twitter.com/nytimes/status/1231619748934410242
13,nr,"To contain the coronavirus in South Korea, President Moon Jae-in empowered the government to lock down cities, bar visitors from China and unilaterally restrict the movement of people by raising the country\xe2\x80\x99s alert level to the highest in a decade\n https://nyti.ms/2PjWfpD\xc2\xa0",483,248,36,twitter.com/nytimes/status/1231607151656886272
14,nr,The last days of Milan Fashion Week took place as cases of the coronavirus crept closer and news reports came that at least two people had died in nearby cities  https://nyti.ms/2Pf2Ql1\xc2\xa0,109,35,3,twitter.com/nytimes/status/1231594614156615680
15,nr,"Pakistan and Turkey temporarily closed their borders with Iran on Sunday, as Tehran announced that it would close schools, universities and cultural centers across 14 provinces in an effort to curb the coronavirus.\n\nLatest updates:  https://nyti.ms/2STjrgs\xc2\xa0",537,311,30,twitter.com/nytimes/status/1231592065219354625
16,nr,"In temples, mosques and churches, China\xe2\x80\x99s religious believers have jumped into the national battle against the coronavirus. But not all the efforts have been well received.  https://nyti.ms/2unzcD3\xc2\xa0",193,73,24,twitter.com/nytimes/status/1231589549094117377
17,nr,"\xe2\x80\x94With more than 600 coronavirus cases in South Korea, President Moon Jae-in empowered the government to limit travel\n\xe2\x80\x94Iran, saying 8 have died, closed schools across 14 provinces\n\xe2\x80\x94Cases rise to 132 in Italy as several towns are on lockdown\n\nLive updates:\n https://nyti.ms/38TSCym\xc2\xa0",3454,2443,201,twitter.com/nytimes/status/1231564376123072514
18,nr,"Local health departments around the U.S. are scrambling to monitor thousands returning from travel in China and elsewhere for the coronavirus. It means checking in daily by email, phone or text, and in some cases, arranging groceries and isolated housing.\n https://nyti.ms/2Vdrx5b\xc2\xa0",116,64,8,twitter.com/nytimes/status/1231365580093116417
19,nr,"President Trump was infuriated that 14 American citizens who had tested positive for coronavirus were permitted to return this week to the U.S., 2 senior administration officials said  https://nyti.ms/2VkGkuS\xc2\xa0",742,327,255,twitter.com/nytimes/status/1231320271698694145
20,nr,"\xe2\x80\x94As of Saturday, the coronavirus had spread to 26 countries, and 1,200 cases had been confirmed outside China\n\xe2\x80\x94Dozens of passengers from the contaminated cruise ship Diamond Princess have arrived in Britain on a repatriation flight\n\nLatest updates:\n https://nyti.ms/38PAmGl\xc2\xa0",157,100,15,twitter.com/nytimes/status/1231269949613727744
21,nr,A delayed coronavirus quarantine and slapdash containment measures helped turn the Diamond Princess cruise ship into an epidemiological disaster  https://nyti.ms/2T90oh4\xc2\xa0,118,87,13,twitter.com/nytimes/status/1231217094290739200
22,nr,"\xe2\x80\x9cEverything looked like the movie \xe2\x80\x98Contagion.\xe2\x80\x99\xe2\x80\x9d A woman returning from Wuhan, China, gave us a look at life inside a U.S. coronavirus quarantine.\n https://nyti.ms/37KksvC\xc2\xa0",252,109,16,twitter.com/nytimes/status/1231196948574691328
23,nr,"Thousands of planes criss-cross China every day, but that number has fallen sharply as flights are canceled to help combat the coronavirus  https://nyti.ms/37KG23j\xc2\xa0",303,175,22,twitter.com/nytimes/status/1231186903900327940
24,nr,Here are answers from health and travel experts to readers\xe2\x80\x99 common questions about the coronavirus and travel\n https://nyti.ms/38PCRZh\xc2\xa0,135,55,11,twitter.com/nytimes/status/1231126511308222465
25,nr,Here\xe2\x80\x99s a timeline of what we know so far about the coronavirus outbreak  https://nyti.ms/2HX7FvD\xc2\xa0,272,117,22,twitter.com/nytimes/status/1231091249114804224
26,nr,"\xe2\x80\x94New cases of the coronavirus spike in Iran and South Korea\n\xe2\x80\x94Clusters of the virus are found in China\xe2\x80\x99s prisons \n\xe2\x80\x94Coronavirus cases in the U.S. reach 34, and more are expected\n\nLatest updates:\n https://nyti.ms/2wuALQf\xc2\xa0",405,282,29,twitter.com/nytimes/status/1231050998111723520
27,nr,"Breaking News: The number of U.S. coronavirus cases increased to at least 34, federal health officials said on Friday. More are expected among the passengers from a cruise ship who are now in quarantine.  https://nyti.ms/2HKgJ6Y\xc2\xa0",674,468,65,twitter.com/nytimes/status/1230918638040965120
28,nr,"At least 500 prisoners and guards across China, in at least 4 different prisons across 3 provinces, had been infected with the coronavirus, Chinese officials said on Friday. Total infections have surpassed 75,000.  https://nyti.ms/38M92sA\xc2\xa0",227,132,24,twitter.com/nytimes/status/1230910083128754178
29,nr,"The coronavirus outbreak has shown dangerous signs of breaking out beyond China, as new cases were reported in the Middle East and large clusters emerged around Asia  https://nyti.ms/37P9LrC\xc2\xa0",189,125,22,twitter.com/nytimes/status/1230900031177265159
30,nr,"Thousands of planes criss-cross China every day, but that number has fallen sharply as flights are canceled to help combat the coronavirus  https://nyti.ms/32dMazX\xc2\xa0",535,275,33,twitter.com/nytimes/status/1230871490205229063
31,nr,"As South Korea's coronavirus infection numbers soar, most cases have been connected to the Shincheonji Church of Jesus, which mainstream churches consider a cult  https://nyti.ms/2SL4uxa\xc2\xa0",465,226,28,twitter.com/nytimes/status/1230864783156617216
32,nr,Chinese officials in the province hardest hit by the coronavirus acknowledged that their methods of confirming and reporting infection numbers had sown confusion  https://nyti.ms/2SKjwTQ\xc2\xa0,162,83,11,twitter.com/nytimes/status/1230846981188153344
33,nr,"South Korea reported a second death from the coronavirus an a surge in confirmed cases in the country, many connected to a single church  https://nyti.ms/2VbXRp6\xc2\xa0",192,113,49,twitter.com/nytimes/status/1230827431923200001
34,nr,Would-be travelers have questions about the safety of taking trips during the coronavirus outbreak. We talked to health and travel experts for the answers.  https://nyti.ms/2HFGJjx\xc2\xa0,155,60,47,twitter.com/nytimes/status/1230799329402683392
35,nr,\xe2\x80\x9cEverything looked like the movie \xe2\x80\x98Contagion.\xe2\x80\x99\xe2\x80\x9d A woman returning from Wuhan gave us a look at life inside a U.S. coronavirus quarantine.  https://nyti.ms/38LfMXD\xc2\xa0,228,96,40,twitter.com/nytimes/status/1230774179206717442
36,nr,As public health officials look for clues to one of the biggest uncertainties about the coronavirus epidemic \xe2\x80\x94 whether it will eventually expand rapidly beyond China \xe2\x80\x94 they are closely studying clusters of cases that have emerged recently in Japan  https://nyti.ms/37NwKDo\xc2\xa0,206,138,20,twitter.com/nytimes/status/1230769130023739397
37,nr,"Among the 52 new cases of the coronavirus in South Korea reported on Friday, 41 are in Daegu. Among those, 39 of the new cases were connected to a church called Shincheonji. \n\nLatest updates:  https://nyti.ms/38NEc2K\xc2\xa0",173,114,12,twitter.com/nytimes/status/1230754034274824194
38,nr,"South Korea said on Friday that the number of confirmed cases of the coronavirus infection rose to 156, a near tripling over three days.\n\nLatest updates:\n https://nyti.ms/38MQXL6\xc2\xa0",303,232,19,twitter.com/nytimes/status/1230720288175714305
39,nr,"\xe2\x80\x94South Korea confirms a coronavirus death and a jump in cases linked to a church\n\xe2\x80\x94Another 118 deaths were reported in China, raising the toll to 2,236 \n\xe2\x80\x94""Clusters"" in Japan may offer clues on how coronavirus spreads\n\nLatest updates: \n https://nyti.ms/2v6LBf5\xc2\xa0",405,266,18,twitter.com/nytimes/status/1230696166100291584
40,nr,"\xe2\x80\x9cEverything looked like the movie \xe2\x80\x98Contagion.\xe2\x80\x99\xe2\x80\x9d A woman returning from Wuhan, China, gave us a look at life inside a U.S. coronavirus quarantine.\n https://nyti.ms/32fayBi\xc2\xa0",229,118,9,twitter.com/nytimes/status/1230653396006428672
41,nr,"The first clinical trials for possible drug therapies for the coronavirus are beginning in China, WHO officials said on Thursday. Early results may be available within 3 weeks.\n https://nyti.ms/2T4w8nw\xc2\xa0",146,56,9,twitter.com/nytimes/status/1230613129907838977
42,nr,When it comes to fighting off infections \xe2\x80\x94 whether coronavirus or the SARS and MERS outbreaks before it \xe2\x80\x94 men are more at risk. This is why. \n https://nyti.ms/2v5JdoG\xc2\xa0,167,98,27,twitter.com/nytimes/status/1230605576226430985
43,nr,"As millions in China are barricaded in their homes during the coronavirus outbreak, delivery drivers have been keeping fresh food and supplies flowing to those who need them. The drivers doing the dangerous work are being heralded as heroes.\n https://nyti.ms/3bSOCA1\xc2\xa0",432,90,17,twitter.com/nytimes/status/1230575377296379905
44,nr,"Some Chinese business leaders are taking an unusual public stand against the government, saying that efforts to stop the coronavirus outbreak are hurting the lives and livelihoods of millions while contributing little to the containment effort  https://nyti.ms/2SK41v6\xc2\xa0",213,82,20,twitter.com/nytimes/status/1230557756030996480
45,nr,Here are answers from health and travel experts to readers\xe2\x80\x99 common questions about the coronavirus and travel\n https://nyti.ms/39QMLde\xc2\xa0,104,45,6,twitter.com/nytimes/status/1230552745461133312
46,nr,"China is battling the coronavirus outbreak with grass-roots mobilization, essentially entrusting front line epidemic prevention to a supercharged version of a neighborhood watch  https://nyti.ms/38xdyLB\xc2\xa0",233,122,21,twitter.com/nytimes/status/1228781026924728321
47,nr,"A Chinese tourist has died in France of the coronavirus, the French health minister said on Saturday, becoming the outbreak\xe2\x80\x99s first fatality in Europe and outside Asia  https://nyti.ms/2SvQzuP\xc2\xa0",191,117,21,twitter.com/nytimes/status/1228755897691844610
48,nr,"President Xi Jinping began fighting the coronavirus epidemic earlier than previously known, a newly published speech indicates, underscoring that he was concerned about the virus even while officials at its epicenter were downplaying its dangers  https://nyti.ms/2wkqlml\xc2\xa0",161,77,44,twitter.com/nytimes/status/1228740781088944129
49,nr,"A husband and wife, both in their 60s,\xc2\xa0tested positive for the coronavirus in Japan this week after returning from a 10-day vacation in Hawaii, health officials said  https://nyti.ms/31XazJF\xc2\xa0",553,357,48,twitter.com/nytimes/status/1228735765691142144
50,nr,"Russia's Radio Sputnik broadcasts in Kansas City and elsewhere to sow doubt about Western institutions. Its American hosts find much to dislike in the U.S., from the reporting on the coronavirus to President Trump's impeachment.  https://nyti.ms/39qgEB4\xc2\xa0 https://nyti.ms/39CFQo5\xc2\xa0",186,136,53,twitter.com/nytimes/status/1228680404435177472
51,nr,Breaking News: France announced the first coronavirus death outside Asia. An 80-year-old Chinese tourist died at a hospital in Paris on Friday.\n https://nyti.ms/38yw464\xc2\xa0,325,242,30,twitter.com/nytimes/status/1228628527467188224
52,nr,Breaking News: The U.S. will evacuate Americans from a cruise ship that has been quarantined in Japan for over a week because of coronavirus fears.\n https://nyti.ms/3bE6sH1\xc2\xa0,445,249,62,twitter.com/nytimes/status/1228575724392583172
53,nr,"Chinese authorities tightened their coronavirus quarantine rules for Beijing on Friday, saying that all residents returning from outside the capital city would be required to isolate themselves for 14 days  https://nyti.ms/2OW9jBs\xc2\xa0",118,57,20,twitter.com/nytimes/status/1228499202168250369
54,nr,"Nicholas Hulbert, a British film director, was shooting in Italy for his latest project, a movie about the Plague, when he got a text from his mother: \xe2\x80\x9cI sent you an email about the coronavirus, which I really think you need to consider.\xe2\x80\x9d  https://nyti.ms/2VEvbFx\xc2\xa0",257,77,9,twitter.com/nytimes/status/1234221904388640771
55,nr,\xe2\x80\x94Officials in Washington State confirmed 2 more cases of coronavirus\n\xe2\x80\x94The total number of cases in the U.S. has reached 73\n\xe2\x80\x94The Dominican Republic has confirmed its first case of coronavirus\n\nFollow the latest on the coronavirus here.  https://nyti.ms/3acJp4u\xc2\xa0,499,374,57,twitter.com/nytimes/status/1234203471647301633
56,nr,The measures recommended by the CDC to slow a coronavirus outbreak in the U.S. may be a luxury that some workers can\xe2\x80\x99t afford  https://nyti.ms/3coH5Js\xc2\xa0,976,495,98,twitter.com/nytimes/status/1234196727986606082
57,nr,Researchers who have examined the genomes of 2 coronavirus infections in Washington State say the similarities between the cases suggest that the virus may have been spreading in the state for weeks  https://nyti.ms/2PCp6pm\xc2\xa0,639,427,54,twitter.com/nytimes/status/1234191708935610370
58,nr,"Rhode Island on Sunday reported its first coronavirus case, a person in his or her 40s who had traveled to Italy, the center of an outbreak in Europe  https://nyti.ms/2TwTEtG\xc2\xa0",1134,903,147,twitter.com/nytimes/status/1234171621696557057
59,nr,How does the coronavirus compare with the flu? Here\xe2\x80\x99s a close look at the differences.  https://nyti.ms/2PCqcBv\xc2\xa0,525,315,33,twitter.com/nytimes/status/1234171573873016832
60,nr,"The FDA\xc2\xa0announced Saturday\xc2\xa0that testing for the coronavirus would be greatly expanded in the U.S., giving laboratories and hospitals around the country the go-ahead to conduct tests that had until now been severely limited to those analyzed by the CDC  https://nyti.ms/2VvzzGW\xc2\xa0",496,229,46,twitter.com/nytimes/status/1234146399102652416
61,nr,"Hours after officials confirmed the first death in the U.S. from the coronavirus, President Trump moved on Saturday to calm public fears and demonstrate aggressive action against the illness  https://nyti.ms/39e61Se\xc2\xa0",380,105,253,twitter.com/nytimes/status/1234141365371535362
62,nr,Washington State declared a state of emergency over the new coronavirus. The first coronavirus death in the U.S. was confirmed in the state on Saturday and researchers said that the virus may have been spreading there for weeks.  https://nyti.ms/2IblMxs\xc2\xa0,1575,965,87,twitter.com/nytimes/status/1234126255987085313
63,nr,Coronavirus map: Tracking the spread of the outbreak\n https://nyti.ms/32DJcEU\xc2\xa0,590,363,69,twitter.com/nytimes/status/1234010522619727872
64,nr,A father and his 3-year-old daughter are among the dozens of Americans who were flown back from Wuhan and placed in mandatory isolation by the U.S. government out of fears about the coronavirus. Now they face thousands of dollars in medical bills.  https://nyti.ms/2uGHKFf\xc2\xa0,2714,1566,402,twitter.com/nytimes/status/1234000630764707841
65,nr,"The U.S. surgeon general on Saturday urged the public to stop buying masks, warning that it won\xe2\x80\x99t help against the spread of the coronavirus but will take away important resources from health care professionals  https://nyti.ms/3co8snk\xc2\xa0",1421,794,136,twitter.com/nytimes/status/1233986168355803136
66,nr,"The FDA says one drug is now in short supply because of the coronavirus outbreak. Which one? It won't say, and public health advocates are angry.\n https://nyti.ms/2VuCmAd\xc2\xa0",442,279,85,twitter.com/nytimes/status/1233980321705664512
67,nr,Australia has reported its first death from the coronavirus. Follow the latest on the outbreak here.  https://nyti.ms/2I53BcA\xc2\xa0,616,366,40,twitter.com/nytimes/status/1233966799844184064
68,nr,Here\xe2\x80\x99s a close look at the differences between the seasonal flu and the coronavirus  https://nyti.ms/2TbGdkb\xc2\xa0,271,196,22,twitter.com/nytimes/status/1233919924176814080
69,nr,"Japan said on Wednesday that 443 people who had been quarantined on the Diamond Princess cruise ship contaminated by the coronavirus were free to go home to their families, but experts have expressed alarm over the quarantine protocols\n https://nyti.ms/38I0YJl\xc2\xa0",262,155,28,twitter.com/nytimes/status/1230177741707845633
70,nr,The coronavirus outbreak is far less serious in Europe than it is in China. But fear has raised a new social stigma for people and places that have been associated with the outbreak.  https://nyti.ms/2vIeXAm\xc2\xa0,265,103,13,twitter.com/nytimes/status/1230118607755075585
71,nr,"As a volunteer in Wuhan, Anna Liu doesn\xe2\x80\x99t provide transportation, food or face masks, but information. She helps people get treatment and hospital beds at a time when everyone seems to be struggling to make sense of the coronavirus crisis.  https://nyti.ms/37F90kT\xc2\xa0",526,110,16,twitter.com/nytimes/status/1230107287769010176
72,nr,\xe2\x80\x94China revoked the credentials of three Wall Street Journal reporters over an opinion piece about the coronavirus outbreak\n\xe2\x80\x94Trump said Xi is doing \xe2\x80\x9ca very good job\xe2\x80\x9d handling the outbreak\n\xe2\x80\x94Hong Kong reported a second death from the virus\n\nLatest updates:\n https://nyti.ms/2vPsaao\xc2\xa0,161,88,13,twitter.com/nytimes/status/1230095974724448257
73,nr,"The cruise company Carnival serves nearly 11.5 million travelers a year, or roughly 50% of the global cruise market. It's facing a deepening crisis after passengers on two of its ships were found to be infected by the coronavirus.  https://nyti.ms/39O8nH4\xc2\xa0",140,65,11,twitter.com/nytimes/status/1230069577712914433
74,nr,Researchers in Germany presented evidence that people who have the new coronavirus can infect others even when they have no symptoms. Their findings indicated that people may be spreading the disease before they know they are sick.  https://nyti.ms/324RkOA\xc2\xa0,577,363,50,twitter.com/nytimes/status/1230059461559169024
75,nr,"South Korea reported 15 more cases of the new coronavirus, bringing the total number of patients infected with the disease to 46. Ten of those infected were members of the same church.  https://nyti.ms/2uWIc2l\xc2\xa0",113,67,5,twitter.com/nytimes/status/1230044378183454720
76,nr,"Chinese officials hailed recent figures as evidence that the spread of the coronavirus epidemic has slowed, and World Health Organization officials said that China\xe2\x80\x99s strict limits on its people\xe2\x80\x99s movements have helped  https://nyti.ms/2HxNDrj\xc2\xa0",161,65,20,twitter.com/nytimes/status/1230024258899890178
77,nr,"More than 100 Americans cannot return home for at least two more weeks, after having been on a cruise ship in Japan that is a hot spot for the coronavirus  https://nyti.ms/2HDofjW\xc2\xa0",111,45,22,twitter.com/nytimes/status/1229994023626166274
78,nr,"A hospital in Omaha is playing a key role in an international health emergency, after 13 Americans who tested positive or were exposed to the new coronavirus on a contaminated cruise ship in Japan were transported there  https://nyti.ms/39IU1rC\xc2\xa0",226,112,15,twitter.com/nytimes/status/1229963868497154049
79,nr,\xe2\x80\x94Americans from a cruise ship in Japan won\xe2\x80\x99t be allowed home for at least 2 more weeks\n\xe2\x80\x94The economic pain from the coronavirus is continuing to spread\n\xe2\x80\x94More than one-tenth of China\xe2\x80\x99s people are largely confined to their homes\n\nLatest updates:\n https://nyti.ms/328ZDsQ\xc2\xa0,156,76,13,twitter.com/nytimes/status/1229958804781064193
80,nr,"The coronavirus underscores the imbalance in globalization, reports @StevenErlanger. The private sector has become very effective \xe2\x80\x94 but efforts to strengthen global public efforts are attacked by nationalists and populists as infringements on sovereignty https://nyti.ms/2HXaQ6s\xc2\xa0",130,65,17,twitter.com/nytimes/status/1232422532416000001
81,nr,"While the U.S. tests an experimental drug for the coronavirus, the FDA is also closely watching for potential disruptions in the supply of 20 unrelated drugs that are either made in China or contain ingredients from China\n https://nyti.ms/2HRrKDs\xc2\xa0",112,67,6,twitter.com/nytimes/status/1232412487766749184
82,nr,"Breaking News: For weeks, investors shrugged off the risks of the coronavirus. Now, after 2 straight market plunges, the S&P 500 is firmly in the red for 2020.\n https://nyti.ms/37UCwDj\xc2\xa0",301,169,33,twitter.com/nytimes/status/1232410695272161287
83,nr,"U.S. markets fell sharply, with the S&P 500 down about 3%, after a warning that a coronavirus outbreak could spread to America\n https://nyti.ms/2PpiXNj\xc2\xa0",293,140,34,twitter.com/nytimes/status/1232388767132024832
84,nr,Lawmakers from both parties in the U.S. have made it clear they were unconvinced the Trump administration is prepared for the coronavirus outbreak the CDC is forecasting\n https://nyti.ms/2TheiOm\xc2\xa0,735,313,59,twitter.com/nytimes/status/1232379785650851842
85,nr,"Spanish authorities have locked down about 1,000 guests in a major resort in the Canary Islands after an Italian doctor and his partner tested positive for coronavirus\n https://nyti.ms/2w9A4eX\xc2\xa0",226,164,15,twitter.com/nytimes/status/1232374742440665089
86,nr,Breaking News: The CDC warned Americans to begin preparing for the possibility of a coronavirus outbreak: \xe2\x80\x9cThis might be bad.\xe2\x80\x9d\n https://nyti.ms/2PEhanJ\xc2\xa0,11878,8527,778,twitter.com/nytimes/status/1232358387142287362
87,nr,"Iran's deputy health minister, who was spearheading the country's efforts to contain the coronavirus, has contracted the illness\n https://nyti.ms/38YQ2qN\xc2\xa0",250,131,21,twitter.com/nytimes/status/1232349577547853824
88,nr,A Europa League soccer match \xe2\x80\x94 one of Europe's biggest tournaments \xe2\x80\x94 will play without any spectators in Milan as the coronavirus outbreak continues\n https://nyti.ms/2PpcWA3\xc2\xa0,186,68,14,twitter.com/nytimes/status/1232339505203601409
89,nr,"A federal judge ruled that the city of Costa Mesa, Calif., does not have to house coronavirus patients, at least for now. Local officials had argued that the chosen facility posed safety risks.  https://nyti.ms/2v6hbtz\xc2\xa0",157,54,18,twitter.com/nytimes/status/1232314349273976832
90,nr,"""I worry every day about whether my child will die in my belly.""\n\nIn China, pregnant women describe a lonely, sometimes terrifying experience navigating the overburdened health care system during the coronavirus outbreak.  https://nyti.ms/37UMNj6\xc2\xa0",347,120,21,twitter.com/nytimes/status/1232263995828195332
91,nr,"""Life has to go on.""\n\nDaegu, the center of South Korea\xe2\x80\x99s coronavirus outbreak, is trying a less rigid approach: aggressively warning residents to take precautions while staying open for business.  https://nyti.ms/38Yq8Ub\xc2\xa0",184,106,18,twitter.com/nytimes/status/1232258970221449221
92,nr,"A hotel on the Spanish resort island of Tenerife was placed under a police cordon after an Italian guest tested positive for the new coronavirus, the authorities said  https://nyti.ms/2HX52tm\xc2\xa0",187,108,13,twitter.com/nytimes/status/1232248896002326531
93,nr,"Health care workers in China are still coming down with the coronavirus despite official pledges to protect them. More than 3,000 health care workers have been infected.  https://nyti.ms/3c4WCxY\xc2\xa0",349,213,23,twitter.com/nytimes/status/1232202340817604609
94,nr,"\xe2\x80\x94In Iran, a spike in coronavirus infections has prompted fears of an outbreak throughout the Middle East\n\xe2\x80\x94In Italy, officials are struggling to prevent the epidemic from paralyzing Milan\n\xe2\x80\x94In New York, London, and Tokyo, financial markets are reeling\n \n  https://nyti.ms/2TpMfwv\xc2\xa0",427,253,27,twitter.com/nytimes/status/1232182213078396928
95,nr,Maps: We have tracked the spread of the coronavirus outbreak\n https://nyti.ms/2SUcg7O\xc2\xa0,305,204,35,twitter.com/nytimes/status/1232158298641752069
96,nr,"The emergence of Italy, Iran, and South Korea as new hubs of the outbreak underscored the lack of a coordinated global strategy to combat the coronavirus  https://nyti.ms/2HSqTCq\xc2\xa0",190,125,28,twitter.com/nytimes/status/1232123066244902912
97,nr,Breaking News: Stocks on Wall Street suffered their sharpest drop in nearly 14 months as investors panicked about the impact of the spreading coronavirus  https://nyti.ms/2T9rqoI\xc2\xa0,656,448,117,twitter.com/nytimes/status/1232048935243583489
98,nr,The Trump administration is moving to request emergency funding to aid its coronavirus response efforts. The request will come as the White House is also proposing cuts to health programs across the government.  https://nyti.ms/381kbVu\xc2\xa0,257,192,36,twitter.com/nytimes/status/1232037496210575366
99,nr,\xe2\x80\x9cThank you for the kindness. Your tweets give me strength.\xe2\x80\x9d How the coronavirus quarantines of 2020 are unlike any other in human history.  https://nyti.ms/324wHSs\xc2\xa0,161,45,7,twitter.com/nytimes/status/1229878267408244737
100,nr,"The coronavirus outbreak has exposed the jarring absence in China of a vibrant civil society \xe2\x80\x94 the groups that bring people together without involving the government, writes @liyuan6 https://nyti.ms/2P1uUbt\xc2\xa0",757,717,33,twitter.com/nytimes/status/1229850599644180480
101,nr,"About 500 people will be released on Wednesday from a cruise ship that's been quarantined for weeks over coronavirus fears off Yokohama, Japan, the country's health ministry said on Tuesday  https://nyti.ms/2SCItAm\xc2\xa0",114,71,11,twitter.com/nytimes/status/1229812847762444291
102,nr,Our analysis found that at least 150 million people in China \xe2\x80\x94 over 10 percent of the country\xe2\x80\x99s population \xe2\x80\x94 are facing government restrictions about how often they can leave their homes because of the coronavirus.  https://nyti.ms/3bLHwxi\xc2\xa0,123,93,14,twitter.com/nytimes/status/1229797797865644033
103,nr,"Walmart said that while it continued to monitor the coronavirus outbreak in China and around the world, the company was not lowering its sales forecast for this year  https://nyti.ms/2SBjY6Q\xc2\xa0",95,33,7,twitter.com/nytimes/status/1229772569261334535
104,nr,"In Opinion\n\n""However much we would like to know all the relevant facts about the coronavirus, we don\xe2\x80\x99t know them right now, and we should accept the discomfort of that uncertainty,"" writes John Allen Paulos.  https://nyti.ms/3267Qhp\xc2\xa0",167,67,20,twitter.com/nytimes/status/1229727271029743618
105,nr,"Apple cut its sales forecast because of the coronavirus, as production and demand for its products have been slowed in China by the outbreak  https://nyti.ms/3bRgpRJ\xc2\xa0",144,59,22,twitter.com/nytimes/status/1229722277975072769
106,nr,"\xe2\x80\x9cIt\xe2\x80\x99s like World War III,\xe2\x80\x9d said May Tang, an employee at a pharmacy in Hong Kong.\n\nAs panic over the coronavirus outbreak has spread, residents have taken to waiting in line for hours to buy face masks, disinfectant and even toilet paper.  https://nyti.ms/2HyvF7Z\xc2\xa0",274,124,25,twitter.com/nytimes/status/1229699429281796096
107,nr,"The Tokyo Marathon, one of the world\xe2\x80\x99s largest marathons, with an estimated 38,000 runners, has been restricted to about 200 elite participants because of new cases of the coronavirus confirmed in Japan  https://nyti.ms/37zjuCt\xc2\xa0",200,101,12,twitter.com/nytimes/status/1229684503842557952
108,nr,"Japan\xe2\x80\x99s economy has already been staggered by a devastating typhoon and a wallet-shutting tax increase. Now, the coronavirus threatens to knock Japan into a full-blown recession.  https://nyti.ms/2uKrMu0\xc2\xa0",258,184,16,twitter.com/nytimes/status/1229658078494232576
109,nr,"In Opinion\n\n""China\xe2\x80\x99s mishandling of the coronavirus outbreak has imperiled itself and the world because it is a land of 21st-century science and 19th-century politics,"" writes Nicholas Kristof.  https://nyti.ms/327xkuz\xc2\xa0",1111,426,61,twitter.com/nytimes/status/1229654289796210689
110,nr,"\xe2\x80\x94The new coronavirus appears much deadlier than the seasonal flu\n\xe2\x80\x94U.S. officials learned cruise ship evacuees were infected at the last minute\n\xe2\x80\x94Cambodia\xe2\x80\x99s leader is famously complacent about the coronavirus, which may exact a global toll\n\nLatest updates:\n https://nyti.ms/2HzYPU6\xc2\xa0",1450,859,119,twitter.com/nytimes/status/1229649502992306176
111,nr,More than 300 Americans were evacuated from a cruise ship in Japan. 14 of them tested positive for the coronavirus and will be placed in isolation in the United States.  https://nyti.ms/3bLO2Ek\xc2\xa0,196,122,25,twitter.com/nytimes/status/1229513364453429248
112,nr,"Across Europe, the numbers of Chinese tourists have visibly dropped since Beijing banned overseas group tours. Though it's too soon to quantify it precisely, the potential economic impact of the coronavirus is evident nearly everywhere.  https://nyti.ms/37DT7ey\xc2\xa0",390,147,31,twitter.com/nytimes/status/1229507923296079878
113,nr,"The Tokyo Marathon, one of the world\xe2\x80\x99s largest races, has been restricted to elite runners because of new cases of the coronavirus confirmed within Japan  https://nyti.ms/324oUEn\xc2\xa0",185,96,12,twitter.com/nytimes/status/1229490715509567488
114,nr,"China signaled that it would postpone its most important political spectacle of the year, a sign of deepening anxiety within the ruling Communist Party about the threat posed by the coronavirus epidemic  https://nyti.ms/2HzdRK2\xc2\xa0",128,77,17,twitter.com/nytimes/status/1229485694336237574
115,nr,"We spoke to the director of the Centers for Disease Control and Prevention\xe2\x80\x99s global health protection division about the coronavirus, and about efforts to keep people safe when they travel  https://nyti.ms/2vJj4MI\xc2\xa0",173,64,27,twitter.com/nytimes/status/1229473370175102976
116,nr,"The U.S. Embassy in Tokyo had said that cruise ship passengers carrying the coronavirus would not be allowed to board evacuation flights, but the decision was apparently reversed at the last minute  https://nyti.ms/2Hyet2g\xc2\xa0",202,95,23,twitter.com/nytimes/status/1229440382787825664
117,nr,"In an interview on Fox News, Senator Tom Cotton raised the unsubstantiated rumor that the new coronavirus originated in a high-security biochemical lab in China. The theory lacks evidence and has been dismissed by scientists.  https://nyti.ms/2Hsfrxf\xc2\xa0",5799,2031,1730,twitter.com/nytimes/status/1229403979110584320
118,nr,"The world's second-largest economy practically shut down 3 weeks ago as the coronavirus outbreak sickened tens of thousands of people. \n\nNow, as some factories rumble back into action, the monumental task of restarting China is becoming clear.  https://nyti.ms/37vBQEt\xc2\xa0",274,105,18,twitter.com/nytimes/status/1229381128504696832
119,nr,"Breaking News: Northern California has reported a second coronavirus case in a person without known risk factors, raising the possibility of local transmission\n https://nyti.ms/3afrDNY\xc2\xa0",622,406,77,twitter.com/nytimes/status/1233530858910425088
120,nr,"As coronavirus worries mount, one indicator may be the most profound signal about the future of the global economy \xe2\x80\x94 and it's not the stock market. @Neil_Irwin explains for the @UpshotNYT. https://nyti.ms/2I6UlVf\xc2\xa0",170,69,22,twitter.com/nytimes/status/1233517250646335488
121,nr,Here's how the S&P 500 fell \xe2\x80\x94 it was its worst week since the 2008 financial crisis \xe2\x80\x94 as coronavirus fears rattled markets around the world  https://nyti.ms/398Kz0Z\xc2\xa0pic.twitter.com/Lg9w3dr2q1,215,124,30,twitter.com/nytimes/status/1233514730448474116
122,nr,CBS said on Friday that it has shut down the 33rd season of \xe2\x80\x9cThe Amazing Race\xe2\x80\x9d because of concerns over the spread of coronavirus  https://nyti.ms/3akijbX\xc2\xa0,198,75,20,twitter.com/nytimes/status/1233493719766138886
123,nr,Experts share their best tips with @NYTParenting about what should you tell kids about the coronavirus  https://nyti.ms/2TaOogC\xc2\xa0,108,39,18,twitter.com/nytimes/status/1233492087938699266
124,nr,The coronavirus surfaced in a Chinese seafood and poultry market late last year. Here's a timeline of the outbreak so far.  https://nyti.ms/38estJK\xc2\xa0,225,117,42,twitter.com/nytimes/status/1233482047970271235
125,nr,"Breaking News: In a statement aimed at calming jittery investors, the Federal Reserve signaled a willingness to cut interest rates if the coronavirus outbreak worsens  https://nyti.ms/3afsFK8\xc2\xa0",372,219,104,twitter.com/nytimes/status/1233475545075200000
126,nr,"The stock market is falling over coronavirus worries. But so are U.S. Treasury bond yields, which hit all-time lows this week.\n\nAnd while they may not dominate the headlines, bonds could be the most profound signal about the future of the global economy.  https://nyti.ms/2VwF4Fq\xc2\xa0",308,167,36,twitter.com/nytimes/status/1233456860394639361
127,nr,"Campaigning in South Carolina on Friday, Joe Biden urged calm in response to the coronavirus outbreak, even as he bashed President Trump\xe2\x80\x99s response so far. ""We have a president who can\xe2\x80\x99t tell the truth,"" he said.  https://nyti.ms/2vnyN3W\xc2\xa0",151,44,22,twitter.com/nytimes/status/1233446796799639552
128,nr,"Maps: The coronavirus outbreak has sickened more than 83,700 people, according to official counts. As of Friday morning, at least 2,858 people have died, all but 70 in mainland China.  https://nyti.ms/2I6GyOu\xc2\xa0",228,148,39,twitter.com/nytimes/status/1233444277721669632
129,nr,Here's how the S&P 500 has fallen this week as worries about the coronavirus outbreak continue to mount.\n\nThe U.S. stock market is on track for its worst week since the 2008 financial crisis. \n\nFollow live updates.  https://nyti.ms/2I0QWaG\xc2\xa0pic.twitter.com/1c5wFGMzbz,155,76,22,twitter.com/nytimes/status/1233441739677093888
130,nr,"Federal Reserve officials on Friday began to signal a willingness to cut interest rates if the coronavirus outbreak worsens, laying out a scenario in which the central bank might respond as infections and quarantines spread globally. Follow live updates.  https://nyti.ms/3ahe4xN\xc2\xa0",138,82,25,twitter.com/nytimes/status/1233436715777449985
131,nr,"The latest on the coronavirus: The WHO has raised the global threat level to \xe2\x80\x9cvery high,\xe2\x80\x9d its most extreme assessment, as new outbreaks appear. At least 53 countries have now reported infections.  https://nyti.ms/2Tj8Eve\xc2\xa0",341,221,29,twitter.com/nytimes/status/1233434199572537346
132,nr,"Mick Mulvaney, the acting White House chief of staff, accused the media of exaggerating the seriousness of the coronavirus as an attempt to ""bring down the president""  https://nyti.ms/384jH0N\xc2\xa0",592,189,645,twitter.com/nytimes/status/1233424138674589698
133,nr,Panic in the stock market over the coronavirus has continued into a 7th day. Shares in the U.S. tumbling following steep declines in Asia and Europe.\n\nFollow live updates:  https://nyti.ms/2Ta0B53\xc2\xa0pic.twitter.com/0wH6dCxPXt,189,114,21,twitter.com/nytimes/status/1233417866210312192
134,nr,"In Opinion\n\n@karaswisher writes, ""In the wake of the global spread of the new coronavirus, I can give you 1.7 trillion reasons that you might want to pay attention to Zoom Video Communications and companies like it.""\n https://nyti.ms/3ca1Zfz\xc2\xa0",141,28,5,twitter.com/nytimes/status/1233401508101836800
135,nr,Breaking News: U.S. stocks plummeted for a seventh day on coronavirus fears. The S&P 500 fell more than 2% in early trading after global markets tumbled.  https://nyti.ms/2vdvEUx\xc2\xa0,218,89,43,twitter.com/nytimes/status/1233400347667943425
136,nr,"A woman tested positive for the new coronavirus in Solano County, Calif., without a known explanation. Officials are tracking her contacts, and residents have questions.  https://nyti.ms/2vow6iK\xc2\xa0",256,91,24,twitter.com/nytimes/status/1233396456213680128
137,nr,"When a man with no connection to known infections became ill, German health officials raced to retrace his steps so they could prevent further spread of the coronavirus  https://nyti.ms/2T5Tomr\xc2\xa0",369,149,28,twitter.com/nytimes/status/1233366254007787520
138,nr,Breaking News: President Trump appointed Vice President Mike Pence to oversee efforts to prevent a widespread coronavirus outbreak in the U.S.\n https://nyti.ms/32ue4aV\xc2\xa0,1518,412,1217,twitter.com/nytimes/status/1232816395181862920
139,nr,Experts spoke to @NYTParenting to answer parents' questions about school breaks and vacations as the coronavirus spreads\n https://nyti.ms/2TmjznO\xc2\xa0,72,41,9,twitter.com/nytimes/status/1232802583422668801
140,nr,"President Trump has considered appointing a \xe2\x80\x9cczar\xe2\x80\x9d to manage his administration\xe2\x80\x99s efforts on the coronavirus in the U.S., as President Obama did for the Ebola virus in 2014. Lawmakers in both parties have expressed alarm that Trump has not yet done so.\n https://nyti.ms/2T1Ie2d\xc2\xa0",202,62,57,twitter.com/nytimes/status/1232774858175590400
141,nr,Mike Bloomberg\xe2\x80\x99s presidential campaign released a new ad attacking President Trump\xe2\x80\x99s handling of the coronavirus and the widespread concern it's generated  https://nyti.ms/394fECH\xc2\xa0,123,30,16,twitter.com/nytimes/status/1232772367186907136
142,nr,"EU officials are calling for countries to coordinate with each other, not close borders, to prepare for the spread of the coronavirus\n https://nyti.ms/3a1CACK\xc2\xa0",207,95,28,twitter.com/nytimes/status/1232769832170532864
143,nr,"President Trump blamed the media for fanning fears of the coronavirus and said his administration was doing a ""great job"" in response, though lawmakers of both parties have expressed concerns. \n\nHe plans to give a news conference with the CDC at 6 p.m. ET.\n https://nyti.ms/2wSks05\xc2\xa0",233,75,113,twitter.com/nytimes/status/1232719488962957312
144,nr,Hundreds of hotel guests at a Spanish island resort remain on lockdown to contain the spread of the coronavirus after authorities said 2 more people tested positive for the virus  https://nyti.ms/3c6KDQN\xc2\xa0,161,76,6,twitter.com/nytimes/status/1232716987735904256
145,nr,Brazil has reported its first case of coronavirus. See where else it has spread.\n https://nyti.ms/3821hgQ\xc2\xa0,246,147,19,twitter.com/nytimes/status/1232711994094084096
146,nr,"Breaking News: Brazil confirmed a case of the new coronavirus, the first in Latin America  https://nyti.ms/3a4TQa9\xc2\xa0",3530,1206,159,twitter.com/nytimes/status/1232678816356732928
147,nr,"It is hard for economists and Federal Reserve officials to assess just how significant the coronavirus fallout will be, as it remains unclear how far and fast the illness will spread  https://nyti.ms/37VizfK\xc2\xa0",111,50,15,twitter.com/nytimes/status/1232661632918093824
148,nr,The Democratic presidential candidates criticized President Trump's response to the coronavirus outbreak in Tuesday's debate. Here's what they had to say.  https://nyti.ms/2PFqrfh\xc2\xa0,88,29,28,twitter.com/nytimes/status/1232641470613590018
149,nr,"Beijing is tapping its old propaganda playbook as it battles the relentless coronavirus outbreak, the biggest challenge to its legitimacy in decades. The problem for China\xe2\x80\x99s leaders: This time, it isn\xe2\x80\x99t working so well.  https://nyti.ms/3c9N3y4\xc2\xa0",1024,779,67,twitter.com/nytimes/status/1232623850774564865
150,nr,"The spread of the deadly coronavirus epidemic to Italy, Europe\xe2\x80\x99s fourth-largest economy, has heightened fears of disruption in the global supply chain  https://nyti.ms/2HVvMdR\xc2\xa0",217,117,20,twitter.com/nytimes/status/1232596192007278592
151,nr,"In Opinion\n\nKoichi Nakano writes, ""The Japanese government\xe2\x80\x99s response to the coronavirus outbreak has been staggeringly incompetent. Why, when so much is at stake for Japan, especially as the host country of the Olympics this summer?""\n https://nyti.ms/2PpLn9P\xc2\xa0",632,424,45,twitter.com/nytimes/status/1232591141083787264
152,nr,"A cruise ship in the Caribbean has been turned away from two ports over fears of the coronavirus. After a crew member with flu symptoms was reported, Jamaican and Cayman health authorities have refused to let passengers disembark.  https://nyti.ms/32sEd9U\xc2\xa0",170,128,23,twitter.com/nytimes/status/1232571012073566212
153,nr,"Spain, Austria, Croatia, Switzerland and France all reported coronavirus cases linked to an outbreak in Lombardy, Italy. Two European hotels are locked down as new cases spread across the Continent.  https://nyti.ms/2Tho42V\xc2\xa0",314,232,29,twitter.com/nytimes/status/1232545862498357248
154,nr,Coronavirus map: Tracking the spread of the outbreak\n https://nyti.ms/2urOk2e\xc2\xa0,510,357,44,twitter.com/nytimes/status/1232528221142470663
155,nr,"In Opinion\n\n""The coronavirus is a test, targeted precisely to the globalized order\xe2\x80\x99s points of fracture and the mix of misgovernment and mistrust associated with the populist-establishment stalemate in the West,"" writes Ross Douthat.  https://nyti.ms/380PS0S\xc2\xa0",395,148,21,twitter.com/nytimes/status/1232515658463809537
156,nr,"An American soldier in South Korea has tested positive for the new coronavirus, the U.S. military said on Wednesday\n\nLatest updates:\n https://nyti.ms/3a4nsob\xc2\xa0",459,331,29,twitter.com/nytimes/status/1232505586958336000
157,nr,Coronavirus map: Tracking the spread of the outbreak\n https://nyti.ms/2Tt7XPS\xc2\xa0,405,297,45,twitter.com/nytimes/status/1234964283760332800
158,nr,"As the world wrestles with the spread of the coronavirus, the epidemic in Iran is a lesson in what happens when a secretive state with limited resources tries to play down an outbreak, and then finds it very difficult to contain.\n https://nyti.ms/39lCV3k\xc2\xa0",401,166,37,twitter.com/nytimes/status/1234959251967217664
159,nr,"Breaking News: U.S. stocks and bond yields tumbled on Tuesday, suggesting investors think the Federal Reserve's interest-rate cut won't contain the economic impact of the coronavirus  https://nyti.ms/2VGEzbN\xc2\xa0",599,298,54,twitter.com/nytimes/status/1234950845382451201
160,nr,The confusion over coronavirus tests typified the struggle by the Trump administration to project confidence and progress without misleading the public about the virus\xe2\x80\x99s spread  https://nyti.ms/2Ih4q26\xc2\xa0,102,50,22,twitter.com/nytimes/status/1234946673518022657
161,nr,"The coronavirus outbreak has hobbled Chinese factories that supply India\xe2\x80\x99s vast drug industry with ingredients for antibiotics and vitamins, raising the prospect of global shortages of essential drugs  https://nyti.ms/2IgZBpw\xc2\xa0",181,135,17,twitter.com/nytimes/status/1234931591782244354
162,nr,Here\xe2\x80\x99s a list of frequently asked questions about the coronavirus outbreak and its symptoms\n https://nyti.ms/3cuiyTq\xc2\xa0,100,55,13,twitter.com/nytimes/status/1234921507278770181
163,nr,A person who died last week in a Seattle hospital had the coronavirus. It's the earliest known fatality from the infection in the U.S.\n https://nyti.ms/39lNi7g\xc2\xa0,351,190,28,twitter.com/nytimes/status/1234914739433676802
164,nr,"Iran\xe2\x80\x99s leaders confidently predicted 2 weeks ago that the coronavirus ravaging China would not be a problem in their country. Now Iran has the most coronavirus deaths outside China, and Iranian medical workers have been told to keep quiet.\n https://nyti.ms/3akDkTy\xc2\xa0",612,416,67,twitter.com/nytimes/status/1234911433256775680
165,nr,"Economists say a coronavirus pandemic could clearly cause a recession in the U.S. But for that to happen, the effects would have to spread beyond manufacturing, travel and other sectors directly affected by the disease. \n https://nyti.ms/3cuwhtl\xc2\xa0",196,83,29,twitter.com/nytimes/status/1234901392889872391
166,nr,The FDA pledged to ramp up efforts and produce a million coronavirus tests by the end of this week. Public and private labs say they\xe2\x80\x99re not even close to reaching the U.S. government\xe2\x80\x99s promises.  https://nyti.ms/2wnMeRG\xc2\xa0,631,437,82,twitter.com/nytimes/status/1234891301616783360
167,nr,Misconceptions about what can protect you and your family from the coronavirus are spreading fast. @NYTParenting spoke to doctors and experts in infectious diseases to get the facts about these common claims. https://nyti.ms/39mdYEK\xc2\xa0,199,132,15,twitter.com/nytimes/status/1234881237707259904
168,nr,"Our reporter, @heathertal, has more on what you need to know about how the coronavirus is transmitted. Read her reporting and the additional reader questions she answered in her thread:  https://nyti.ms/2wqcc6U\xc2\xa0 https://twitter.com/heathertal/status/1234618956796846080\xc2\xa0\xe2\x80\xa6",87,48,8,twitter.com/nytimes/status/1234878657459556353
169,nr,"Breaking News: The U.S. Federal Reserve will slash interest rates by half a percentage point, a major cut as fears about the economic fallout of the coronavirus mount  https://nyti.ms/38fReFn\xc2\xa0",633,360,71,twitter.com/nytimes/status/1234857100850925574
170,nr,"Governor Andrew Cuomo confirmed a second case of coronavirus in New York state, a man in his 50s who is hospitalized. Officials urged calm, reiterating that health officials expect the virus to be found in multiple locations around the state.  https://nyti.ms/38is3Sx\xc2\xa0",279,150,20,twitter.com/nytimes/status/1234848618638647296
171,nr,"\xe2\x80\x9cLet\xe2\x80\x99s say I\xe2\x80\x99m sick for one month now \xe2\x80\x94 how am I going to pay my rent?""\n\nSome low-paid health workers in Britain who could be at risk of contracting the coronavirus say they will show up to work even if they fall ill.  https://nyti.ms/39kh1NX\xc2\xa0",472,241,53,twitter.com/nytimes/status/1234838449426960390
172,nr,"A group of 7 central bankers and finance chiefs committed to fighting the economic effects of the coronavirus, without proposing concrete steps  https://nyti.ms/2uLlERY\xc2\xa0",144,48,39,twitter.com/nytimes/status/1234824016839544832
173,nr,"\xe2\x80\x9cIf he had been admitted to a better hospital, then he wouldn\xe2\x80\x99t be dead now,\xe2\x80\x9d said the mother of a Chinese teenager who died from a rare cancer. \n\nThe coronavirus outbreak in China straining an already overburdened health care system.  https://nyti.ms/2VBs7dr\xc2\xa0",262,83,42,twitter.com/nytimes/status/1234790646734520325
174,nr,"As coronavirus spreads in the U.S., churches, synagogues and mosques are taking precautions and adjusting their worship traditions  https://nyti.ms/38k2Abp\xc2\xa0",278,127,45,twitter.com/nytimes/status/1234784696032256000
175,nr,Global financial markets were lifted early by the prospect of more help from the world\xe2\x80\x99s central banks in battling the economic impact of the coronavirus  https://nyti.ms/2TwkKBb\xc2\xa0,92,34,18,twitter.com/nytimes/status/1234771002242093056
176,nr,The NBA sent a memo to teams advising them on how to handle the rapid spread of the coronavirus. Among the league\xe2\x80\x99s recommendations was that players should opt for fist bumps instead of high-fives when interacting with fans.  https://nyti.ms/3akHhb0\xc2\xa0,110,34,9,twitter.com/nytimes/status/1234735276360163330
177,nr,"Italy\xe2\x80\x99s decision to quarantine a quarter of its population is fueling fears of similar measures from London to Berlin, as officials grappled with how to slow the spread of the coronavirus in several of the world\xe2\x80\x99s most open and democratic societies  https://nyti.ms/2wBZ2Ea\xc2\xa0",753,406,48,twitter.com/nytimes/status/1236793851358167040
178,nr,Coronavirus map: Tracking the spread of the outbreak  https://nyti.ms/2IrZsjd\xc2\xa0,358,236,48,twitter.com/nytimes/status/1236788812338073600
179,nr,Saudi Arabia cut its oil export oil prices by nearly 10% on Saturday. The dramatic move came in retaliation for Russia\xe2\x80\x99s refusal to join OPEC in a large production cut as the coronavirus continues to slow the global economy.  https://nyti.ms/2PW7Vzl\xc2\xa0,314,163,25,twitter.com/nytimes/status/1236748531618197506
180,nr,"As the coronavirus has spread, so too has misinformation about it, despite an aggressive effort by social media companies to prevent its dissemination. We found dozens of videos, photos and posts that appeared to have slipped through the cracks.  https://nyti.ms/33cd2Rr\xc2\xa0",447,238,59,twitter.com/nytimes/status/1236746014222176259
181,nr,Here\xe2\x80\x99s what you need to know about the risks of coronavirus transmission while working out in a gym or athletic studio\n https://nyti.ms/2ItEkZE\xc2\xa0,254,93,29,twitter.com/nytimes/status/1236743553574936576
182,nr,"A coronavirus alert sat unread in an inbox while 3,000 on a cruise ship dined and mingled: how a series of blunders in Japan now shadow an outbreak in California\n https://nyti.ms/2Iryw37\xc2\xa0",668,397,54,twitter.com/nytimes/status/1236737223531343873
183,nr,Map: The number of known coronavirus cases in the U.S. continues to grow  https://nyti.ms/2PW6ktl\xc2\xa0,627,399,65,twitter.com/nytimes/status/1236735974652117002
184,nr,"Schools on both U.S. coasts are starting to close amid fears of the coronavirus, leaving parents to corral their children into online learning sessions and juggle child care  https://nyti.ms/3avnvK2\xc2\xa0",531,280,49,twitter.com/nytimes/status/1236718340497907712
185,nr,"A resident of Wilton, Connecticut, became the state\xe2\x80\x99s first coronavirus patient, Gov. Ned Lamont said. The person was most likely infected during a recent trip to California and was hospitalized after returning to Connecticut.  https://nyti.ms/3aCru7v\xc2\xa0",366,162,32,twitter.com/nytimes/status/1236715812263780357
186,nr,"As the number of coronavirus cases in New York state rose to 105, Gov. Andrew Cuomo criticized the U.S. government on Sunday for delays in allowing private laboratories in the state to test for the virus. \xe2\x80\x9cThe more tests we run, the better,\xe2\x80\x9d he said.  https://nyti.ms/2TxQjvF\xc2\xa0",769,331,50,twitter.com/nytimes/status/1236713308033515522
187,nr,"Coronavirus updates:\n\xe2\x80\x94Dr. Anthony Fauci, a top U.S. health official, said that a regional lockdown of parts of the U.S. could become necessary\n\xe2\x80\x94He recommended that those at greatest risk \xe2\x80\x94 the elderly and those with health conditions \xe2\x80\x94 abstain from travel\n https://nyti.ms/3cFNDUr\xc2\xa0",2226,1412,104,twitter.com/nytimes/status/1236705768801517573
188,nr,"Key U.S. officials in recent days have corrected or clarified President Trump\xe2\x80\x99s statements about coronavirus testing. The number of people who can be tested for the virus and the number of tests available are fluid, federal officials said.  https://nyti.ms/38velM5\xc2\xa0",299,129,78,twitter.com/nytimes/status/1236703257252311041
189,nr,An official from the Washington state nursing home ravaged by coronavirus said the facility still cannot get enough tests for its residents  https://nyti.ms/2PZ0Spp\xc2\xa0,432,329,60,twitter.com/nytimes/status/1236690680577249280
190,nr,"On the Diamond Princess cruise ship, which docked in Japan, an early coronavirus cluster grew after a missed email alert and ignored protocols\n https://nyti.ms/3aAJQpw\xc2\xa0",157,78,25,twitter.com/nytimes/status/1236683164308967424
191,nr,"As the number of coronavirus cases in the U.S. rises and the NCAA men\xe2\x80\x99s and women\xe2\x80\x99s basketball tournaments looming, college sports officials have discussed whether they could \xe2\x80\x94 or should \xe2\x80\x94 play at fewer sites  https://nyti.ms/2PVtXSC\xc2\xa0",116,39,21,twitter.com/nytimes/status/1236675813745012742
192,nr,"As New York grapples with containing the coronavirus outbreak, there has been a noticeable shift, a heightened awareness that everyday life has suddenly become strangely uncertain  https://nyti.ms/3aEohVa\xc2\xa0",538,141,60,twitter.com/nytimes/status/1236662977367027712
193,nr,"10 people died in the collapse of a hotel that was being used as a coronavirus quarantine facility in China\xe2\x80\x99s southeastern Fujian Province, the government said on Sunday  https://nyti.ms/2VSMGSy\xc2\xa0pic.twitter.com/PbE8wN2OW4",835,462,105,twitter.com/nytimes/status/1236659204909391875
194,nr,"A Starbucks in Seattle closed after an employee tested positive for the coronavirus, leading many Washington state residents to face the reality that even a small daily ritual like a morning cup of coffee will be affected by the virus  https://nyti.ms/331ZXtI\xc2\xa0",1103,539,142,twitter.com/nytimes/status/1236657954574815232
195,nr,"For the first time, Pope Francis delivered a recorded message rather than appearing in person for Sunday Prayer, as preventive measures against the coronavirus widened in Italy  https://nyti.ms/38BtBqK\xc2\xa0",281,123,24,twitter.com/nytimes/status/1236655437992398848
196,nr,"An attendee of CPAC, where President Trump and Vice President Mike Pence spoke last week, has tested positive for the coronavirus. The White House said there was no indication that they were in \xe2\x80\x9cclose proximity to the attendee.\xe2\x80\x9d  https://nyti.ms/2PRUwZ1\xc2\xa0",435,146,136,twitter.com/nytimes/status/1236647876673130496
197,nr,"While there\xe2\x80\x99s still a lot we don\xe2\x80\x99t know about the coronavirus, @NYTParenting  asked experts to help explain to answer some frequently asked questions about the new coronavirus and pregnancy  https://nyti.ms/2PO5tuD\xc2\xa0",92,52,7,twitter.com/nytimes/status/1236053967718752256
198,nr,"The Federal Reserve is keeping cash coming to the U.S. from Asia under quarantine as a step against the coronavirus. While the virus seems to transmit primarily person to person, the CDC says \xe2\x80\x9cit may be possible\xe2\x80\x9d to contract it from surfaces or objects.  https://nyti.ms/2PRHt9Q\xc2\xa0",97,61,11,twitter.com/nytimes/status/1236052724464091137
199,nr,"Breaking News: South by Southwest was canceled. Officials in Austin, Texas, called off the music, technology and film festival over concerns about the coronavirus.  https://nyti.ms/2TsMiIU\xc2\xa0",794,447,55,twitter.com/nytimes/status/1236050577253072902
200,nr,"\xe2\x80\x9cWe\xe2\x80\x99re in a jail cell but at sea.\xe2\x80\x9d Thousands of cruise ship passengers off California were under isolation orders on Friday, bracing for news about whether anyone onboard was infected with the coronavirus.  https://nyti.ms/2TvcuTg\xc2\xa0",366,166,66,twitter.com/nytimes/status/1236043909484118016
201,nr,"Breaking News: Stocks swung wildly, bond yields plunged and oil prices sank this week as Wall Street worried about how the coronavirus would hurt the economy  https://nyti.ms/39vYI8A\xc2\xa0",145,82,23,twitter.com/nytimes/status/1236038212231008256
202,nr,"Oil prices plummeted \xe2\x80\x94 and one analyst warned that they could go ""into a free-fall"" \xe2\x80\x94 after major producers failed to reach an agreement on Friday to reduce production as coronavirus concerns sapped global demand  https://nyti.ms/2TIrZ9o\xc2\xa0",94,52,13,twitter.com/nytimes/status/1236033828327694337
203,nr,"""Often, when the economy runs into trouble, it goes through a slow glide from good times to bad. Other times, it is more like a fast car slamming on the brakes. A potential coronavirus recession looks more and more like the second situation.""  https://nyti.ms/38vJIGv\xc2\xa0",168,91,66,twitter.com/nytimes/status/1236023769816317959
204,nr,"The coronavirus outbreak could complicate efforts to curb emissions from the airline industry \xe2\x80\x94 even though, in the short term, air travel is plummeting  https://nyti.ms/2THg9w8\xc2\xa0",130,37,12,twitter.com/nytimes/status/1236016207503020033
205,nr,"The University of Washington became the first college in the U.S. to shift to online classes over coronavirus concerns, canceling in-person classes and having students work remotely for the remainder of its winter quarter, which ends March 20  https://nyti.ms/2wwhU7E\xc2\xa0",1987,1080,56,twitter.com/nytimes/status/1235968402965114881
206,nr,"With worldwide coronavirus cases now surpassing 100,000, some couples are cautiously moving ahead with their weddings, while others are forced to delay their \xe2\x80\x98I do\xe2\x80\x99s\xe2\x80\x99 for now  https://nyti.ms/3cE6v60\xc2\xa0",136,51,26,twitter.com/nytimes/status/1235958396743974913
207,nr,Stocks plunged and bond yields dropped to an all-time low as Wall Street was gripped by another wave of panic over the spreading coronavirus  https://nyti.ms/38soCc6\xc2\xa0,148,103,35,twitter.com/nytimes/status/1235940041899335682
208,nr,\xe2\x80\x9cThe N.H.S. has never been in a worse state going into something like this\xe2\x80\x9d: Doctors say Britain is not prepared for a surge in coronavirus cases.  https://nyti.ms/2TOVC9c\xc2\xa0,196,102,23,twitter.com/nytimes/status/1235938195726102529
209,nr,"As the coronavirus spreads in the United States, museums, theaters and concert halls are steeling themselves for fearful patrons, lighter crowds and possible government shutdowns  https://nyti.ms/3aBiQq3\xc2\xa0",182,82,10,twitter.com/nytimes/status/1235928162548305920
210,nr,"President Trump at the last minute scrapped plans to visit the Centers for Disease Control and Prevention in Atlanta, forgoing a chance to see the nerve center of the response to the coronavirus outbreak in the U.S.  https://nyti.ms/2VP296d\xc2\xa0",1055,413,504,twitter.com/nytimes/status/1235923107086569472
211,nr,"Breaking News: The U.S. added 273,000 jobs in February in a burst of hiring before the coronavirus outbreak began to shake economic confidence  https://nyti.ms/2PPRKUc\xc2\xa0",187,80,34,twitter.com/nytimes/status/1235921076821078016
212,nr,"The coronavirus is first and foremost a public health crisis, but for China, it has become a challenge to its standing at home and abroad. Now, China is appealing for sympathy while attacking those who blame its leadership for making the situation worse.  https://nyti.ms/3cBNvVW\xc2\xa0",275,114,59,twitter.com/nytimes/status/1235897960812118016
213,nr,One of the ways scientists understand disease outbreaks is through math. A mathematician explains some of the common numbers in the coronavirus story.  https://nyti.ms/2VQWQn0\xc2\xa0,372,159,16,twitter.com/nytimes/status/1235882854820859904
214,nr,"After the terrorist attacks of Sept. 11, 2001, global air travel plummeted, and it took years for airlines to fully recover. Today there are worries that the coronavirus could have a similarly disastrous impact.  https://nyti.ms/2TqKAHW\xc2\xa0",421,210,106,twitter.com/nytimes/status/1235857672370413568
215,nr,"\xe2\x80\x9cThe N.H.S. has never been in a worse state going into something like this,\xe2\x80\x9d said a doctor in London about the system's preparedness for the coronavirus. \xe2\x80\x9cThe dominoes have been stacked for 10 years. It wouldn\xe2\x80\x99t have taken much to tip them over.\xe2\x80\x9d  https://nyti.ms/3auAtro\xc2\xa0",200,119,24,twitter.com/nytimes/status/1235852638379372548
216,nr,Media executives say the 3-minute ad addressing the coronavirus that Mike Bloomberg will air on network television Sunday may have cost his campaign anywhere from $1.25 million to $3 million  https://nyti.ms/2uKYTOe\xc2\xa0,346,115,106,twitter.com/nytimes/status/1233894742334869506
217,nr,"\xe2\x80\x9cI never imagined that this would hit our home.\xe2\x80\x9d In China's war with the coronavirus, Zuoling, a suburb of Wuhan, offers a somber lesson in how\xc2\xa0the country's vast effort to contain the virus\xc2\xa0left some communities acutely vulnerable  https://nyti.ms/2vvyFQ7\xc2\xa0",140,68,16,twitter.com/nytimes/status/1233882164284002305
218,nr,The U.S.\xc2\xa0is among the countries best prepared\xc2\xa0to prevent or manage a potential coronavirus epidemic. But the virus has already exposed significant vulnerabilities in the ability of the U.S. to respond to serious health emergencies.  https://nyti.ms/2PBxEgb\xc2\xa0,451,240,97,twitter.com/nytimes/status/1233856982752407554
219,nr,Markets are looking to the Federal Reserve and its peers as they try to contain the fallout from the coronavirus. But no playbook exists for dealing with the economic threat posed by the virus.  https://nyti.ms/2wQwOFJ\xc2\xa0,129,69,24,twitter.com/nytimes/status/1233854478249529345
220,nr,"Breaking News: President Trump announced new restrictions on travelers in Iran, and further coronavirus screenings on those coming from South Korea and Italy  https://nyti.ms/2TqCeyV\xc2\xa0",290,151,50,twitter.com/nytimes/status/1233839837687484416
221,nr,"A person in Washington state has died of the coronavirus, officials announced on Saturday. It\xe2\x80\x99s the first known death in the U.S. from the virus.  https://nyti.ms/2I85BAM\xc2\xa0",873,504,95,twitter.com/nytimes/status/1233832751050186754
222,nr,"Breaking News: The first U.S. death from the coronavirus was confirmed in King County, Washington, near Seattle  https://nyti.ms/2VxvQZp\xc2\xa0",1432,1023,172,twitter.com/nytimes/status/1233817680479694851
223,nr,"Officials in Washington, Oregon and California said they\xe2\x80\x99d found new cases of the coronavirus that didn\xe2\x80\x99t seem to be caused by overseas travel or contact with a person known to be infected  https://nyti.ms/2I7NtHe\xc2\xa0",368,251,41,twitter.com/nytimes/status/1233816736190869509
224,nr,"The U.S. surgeon general on Saturday urged the public to stop buying masks, warning that it won\xe2\x80\x99t help against the spread of the coronavirus but will take away important resources from health care professionals  https://nyti.ms/3afiGUV\xc2\xa0",5265,2880,394,twitter.com/nytimes/status/1233804142902157313
225,nr,"South Korea reported over 800 new cases of the coronavirus on Saturday. The country has the largest coronavirus outbreak outside China, with a total of 3,150 cases.  https://nyti.ms/2VxiQmz\xc2\xa0",817,482,77,twitter.com/nytimes/status/1233786785873956864
226,nr,"The U.S. military\xe2\x80\x99s first active-duty case of the coronavirus, in South Korea, has commanders preparing a battle plan. But steps meant to stave off the virus may also compromise training and readiness.  https://nyti.ms/38bGQhR\xc2\xa0",206,80,26,twitter.com/nytimes/status/1233778980765028352
227,nr,"As public health experts warn that the spread of the coronavirus is inevitable and urge Americans to take precautions, the pro-Trump media world has presented the subject as more fodder for partisan debate\n https://nyti.ms/2vgHjSA\xc2\xa0",340,145,228,twitter.com/nytimes/status/1233723616732360704
228,nr,"Northern Italy's aggressive response to the coronavirus \xe2\x80\x94 locking down 11 towns and more than 50,000 people \xe2\x80\x94 has left friends and families divided  https://nyti.ms/2wUIeIB\xc2\xa0",304,149,31,twitter.com/nytimes/status/1233648155952123904
229,nr,"Breaking News: Oregon has a new, unexplained coronavirus case. It may be a sign the virus is spreading in the U.S.\n https://nyti.ms/2vqgNpM\xc2\xa0",1938,1033,256,twitter.com/nytimes/status/1233589362065133569
230,nr,"The public health director of Santa Clara County, California, confirmed that the county's new coronavirus case doesn't have any links to known cases. That's similar to the case in Solano County, a 90-minute drive away.\n https://nyti.ms/387WHxT\xc2\xa0",193,96,28,twitter.com/nytimes/status/1233572618802008064
231,nr,"The FDA says one drug is now in short supply because of the coronavirus outbreak. Which one? It won't say, and public health advocates are angry.\n https://nyti.ms/2wi91ys\xc2\xa0",722,495,113,twitter.com/nytimes/status/1233567573192663040
232,nr,"The Trump administration may use a 70-year-old war powers law to speed up the manufacturing of medical supplies ahead of a potential coronavirus outbreak in the U.S., the health secretary said on Friday\n https://nyti.ms/2wbtUeD\xc2\xa0",198,82,63,twitter.com/nytimes/status/1233562541353295872
233,nr,"China is pushing an unfounded conspiracy theory about the origins of the coronavirus: that Americans introduced it in Wuhan late last year. There's no evidence to support it, but it was circulating on China\xe2\x80\x99s tightly controlled internet on Friday.  https://nyti.ms/2TQmM0t\xc2\xa0",3281,1441,808,twitter.com/nytimes/status/1238610824849170433
234,nr,"American travelers returning from coronavirus hot spots around the world say they faced little screening or questioning. ""No one asked where I had traveled,"" one said. ""I guess they just assumed we all were just coming from London and so no big deal.""  https://nyti.ms/3cWMkjU\xc2\xa0",1190,726,95,twitter.com/nytimes/status/1238600775925981184
235,nr,"Breaking News: Congress and the White House struck a deal on a sweeping coronavirus relief package, including paid sick leave guarantees, Speaker Nancy Pelosi said\n https://nyti.ms/2IMIwEg\xc2\xa0",1053,453,42,twitter.com/nytimes/status/1238591942986010630
236,nr,The New York State attorney general issued a cease-and-desist order to Alex Jones over false claims on his website that his products could be used to fight the coronavirus. There are currently no products or drugs approved to treat or cure the virus.  https://nyti.ms/2xu8QQW\xc2\xa0,1729,458,154,twitter.com/nytimes/status/1238580613101355010
237,nr,China made half the world\xe2\x80\x99s respirators and surgical masks before the coronavirus outbreak and has expanded production since. Now there's growing pressure for the country to export them around the world.  https://nyti.ms/2WaepOX\xc2\xa0,442,209,85,twitter.com/nytimes/status/1238575567475224577
238,nr,A guide to our coverage on how to prepare for the coronavirus\n Basic steps to reduce your risk:  https://nyti.ms/2WarEPz\xc2\xa0\n How to wash your hands:  https://nyti.ms/2w4ENiw\xc2\xa0\n How to stock your pantry:  https://nyti.ms/38ON5Is\xc2\xa0\nAnd more: https://twitter.com/i/moments/1238467371041521670\xc2\xa0\xe2\x80\xa6,189,139,23,twitter.com/nytimes/status/1238575155355541505
239,nr,"Spain now has the 2nd-highest number of coronavirus infections of any European country other than Italy, and faces the fastest spreading contagion on the Continent  https://nyti.ms/3d2qQm3\xc2\xa0",1193,1052,84,twitter.com/nytimes/status/1238565510519967747
240,nr,"Here's a brief list of cultural attractions that remain open, in one form or another, in New York City, despite the coronavirus outbreak  https://nyti.ms/2IMx5MQ\xc2\xa0",99,41,22,twitter.com/nytimes/status/1238564261712072704
241,nr,"Danny Meyer temporarily closed all 19 of the Union Square Hospitality Group's restaurants in New York City due to the coronavirus, @juliamoskin reports. The group will pay affected employees at least through the end of the current pay cycle. https://nyti.ms/2wWAOEE\xc2\xa0",668,268,29,twitter.com/nytimes/status/1238563022936866821
242,nr,Mayor Francis Suarez of Miami became on Friday one of the first American elected officials to confirm he has the coronavirus  https://nyti.ms/3cQZSO5\xc2\xa0,477,210,23,twitter.com/nytimes/status/1238555462875910151
243,nr,Breaking News: President Trump declared a national emergency that he said would give states and territories access to billions in federal funds to fight the coronavirus epidemic. Follow live coverage.  https://nyti.ms/2WciS3K\xc2\xa0,474,251,73,twitter.com/nytimes/status/1238552142094442496
244,nr,"As governments around the world struggle to contain the coronavirus pandemic, many officials are themselves falling victim to the pathogen  https://nyti.ms/2Qfe5KT\xc2\xa0",276,105,27,twitter.com/nytimes/status/1238550419548372992
245,nr,"\xe2\x80\x9cThis is the time for working together.\xe2\x80\x9d In a coordinated show of unity on Friday, leaders in Europe said they would spend hundreds of billions of euros to prevent the coronavirus outbreak from provoking a deep recession or financial crisis.  https://nyti.ms/2w7ODjw\xc2\xa0",303,89,22,twitter.com/nytimes/status/1238527769878945792
246,nr,"New York City police are investigating at least 3 suspected anti-Asian hate crimes. Gov. Andrew Cuomo, addressing one of the incidents, said it was apparently motivated by a ""bigoted notion"" about the coronavirus.  https://nyti.ms/2IMvzKB\xc2\xa0",216,96,33,twitter.com/nytimes/status/1238525261982978048
247,nr,"Breaking News: Louisiana will postpone its April 4 primary election for 2 months, becoming the first state in the U.S. to adjust its elections in response to the coronavirus outbreak  https://nyti.ms/3aMZHBo\xc2\xa0",334,192,35,twitter.com/nytimes/status/1238507332499312642
248,nr,Here are some of the steps sports leagues around the world have taken in response to the coronavirus pandemic.\n\nRead more on how the virus is affecting daily life worldwide.  https://nyti.ms/3cVWiCf\xc2\xa0pic.twitter.com/PK8lzwcKNF,183,66,17,twitter.com/nytimes/status/1238502407044321280
249,nr,The coronavirus pandemic affects every aspect of daily life around the world. We\xe2\x80\x99re collecting the most important news and useful guidance on the outbreak here:  https://nyti.ms/2U0R8w4\xc2\xa0,503,202,51,twitter.com/nytimes/status/1238495043071213569
250,nr,"New York has opened its first \xe2\x80\x9cdrive through\xe2\x80\x9d coronavirus testing center for the virus in New Rochelle, a city north of New York City that has been at the center of the state's epidemic.\n\nFollow more updates on the outbreak in New York.  https://nyti.ms/2W904SH\xc2\xa0",656,227,26,twitter.com/nytimes/status/1238487949207052293
251,nr,"Spain, with one of the fastest-growing coronavirus outbreaks in the world, has declared a state of emergency for 15 days. The decision came as the country reported about 4,200 confirmed infections, the most in Europe after Italy.\n\nFollow more live updates.  https://nyti.ms/2WlX0TF\xc2\xa0",914,573,34,twitter.com/nytimes/status/1238484984907927554
252,nr,"Walmart, Uber and other major companies announced new policies this week to grant paid leave or other compensation to workers who contract the new coronavirus or are quarantined by order of the government or their companies  https://nyti.ms/3aNM05f\xc2\xa0",949,232,27,twitter.com/nytimes/status/1237875998130966529
253,nr,"An usher who recently worked at 2 Broadway theaters has tested positive for the coronavirus, prompting a scramble to inform the public and clean the buildings, according to 4 theater industry officials  https://nyti.ms/3aNEfw4\xc2\xa0",1183,722,49,twitter.com/nytimes/status/1237865899404611585
254,nr,"Breaking News: Italy ordered all businesses except pharmacies, grocery stores and banks to close, tightening a lockdown to curb the coronavirus outbreak  https://nyti.ms/338S9WY\xc2\xa0",1764,896,83,twitter.com/nytimes/status/1237854839154946048
255,nr,Britain\xe2\x80\x99s central bank and government on Wednesday moved to unleash funds to help the country face the coronavirus outbreak and to repair budgets after years of austerity  https://nyti.ms/3aNOosN\xc2\xa0,249,72,10,twitter.com/nytimes/status/1237850821364043779
256,nr,The NCAA men\xe2\x80\x99s and women\xe2\x80\x99s basketball tournaments will be played without spectators in attendance as the U.S. grapples with the spread of the coronavirus  https://nyti.ms/2W4cr2v\xc2\xa0,370,136,34,twitter.com/nytimes/status/1237845766762160128
257,nr,"While much of the U.S. is just starting to see clusters of coronavirus cases, a Washington State hospital offers a window into the challenges facing the health care system, testing workers' resilience, institutions' readiness and our supply chains  https://nyti.ms/2W36i6z\xc2\xa0",327,176,22,twitter.com/nytimes/status/1237840761338515456
258,nr,"In Pavia, Italy \xe2\x80\x94 once home to a founder of probability theory \xe2\x80\x94\xc2\xa0residents are calculating the odds of being infected with the coronavirus  https://nyti.ms/2TQL49e\xc2\xa0",454,165,27,twitter.com/nytimes/status/1237839500094533634
259,nr,Gov. Jay Inslee of Washington ordered a ban on public gatherings of 250 or more people in the Seattle area as the state escalates its response to the coronavirus outbreak. The order is one of the strictest imposed in any American city so far.  https://nyti.ms/33bKSpw\xc2\xa0,524,165,35,twitter.com/nytimes/status/1237835711061131264
260,nr,Here\xe2\x80\x99s a list of some of the major events around the world that have been modified or canceled because of the coronavirus outbreak  https://nyti.ms/2Q6GR0e\xc2\xa0,142,72,15,twitter.com/nytimes/status/1237830692660273152
261,nr,"As our journalists have traveled across the U.S. to cover the coronavirus outbreak, they have observed inside airports and airplanes a sense of anguish that the next sneeze might be the fateful one  https://nyti.ms/2IFkElK\xc2\xa0",345,117,35,twitter.com/nytimes/status/1237825638549147650
262,nr,The Golden State Warriors have become the first NBA team to bar fans from games because of the coronavirus pandemic  https://nyti.ms/2W3trpF\xc2\xa0,266,92,17,twitter.com/nytimes/status/1237823137686999041
263,nr,"What does the coronavirus do to the body? Here\xe2\x80\x99s what scientists know, and don\xe2\x80\x99t know, so far.  https://nyti.ms/2Q6yUIh\xc2\xa0",388,261,18,twitter.com/nytimes/status/1237820615480008704
264,nr,"Here\xe2\x80\x99s a visual look at how the coronavirus functions, on a cellular level  https://nyti.ms/2Q3heNO\xc2\xa0",307,183,15,twitter.com/nytimes/status/1237815567467323392
265,nr,The latest on the coronavirus in New York: \n \xe2\x80\x94The CUNY and SUNY public university systems will move to remote classes beginning on March 19\n\xe2\x80\x94The state has nearly 200 cases so far\n https://nyti.ms/38GBGKT\xc2\xa0,935,600,58,twitter.com/nytimes/status/1237803006843895810
266,nr,"The Trump administration\xe2\x80\x99s response to the coronavirus outbreak has received mixed reviews from state governors, whose health departments are on the front lines of the crisis  https://nyti.ms/38I8CCA\xc2\xa0",147,35,39,twitter.com/nytimes/status/1237800467549298692
267,nr,"Broadway actors are being asked to suspend the tradition of greeting fans at stage doors, one of several steps that theaters are taking to limit the coronavirus outbreak\n https://nyti.ms/39J4vYw\xc2\xa0",146,42,19,twitter.com/nytimes/status/1237792919496658944
268,nr,"Breaking News: The coronavirus outbreak is now a global pandemic, WHO officials declared  https://nyti.ms/3aNkLYB\xc2\xa0",2261,1635,141,twitter.com/nytimes/status/1237780130602323968
269,nr,"With the White House still debating which economic measures to propose to confront the coronavirus, Democrats plan to unveil their own legislation to aid patients, workers and families affected by the epidemic  https://nyti.ms/2TVq6Gt\xc2\xa0",529,147,54,twitter.com/nytimes/status/1237770324701335554
270,nr,The latest on the coronavirus:\n\xe2\x80\x94A top U.S. health official recommends barring fans from large gatherings like NBA games\n\xe2\x80\x94The U.S. may extend the tax filing deadline\n\xe2\x80\x94European nations are stepping up virus containment efforts\n https://nyti.ms/2Q7tZXB\xc2\xa0,296,141,57,twitter.com/nytimes/status/1237767764703666178
271,nr,"""The bottom line: It is going to get worse,"" Dr. Anthony Fauci, a top U.S. health official, told lawmakers Wednesday at a hearing that quickly devolved into a partisan fight over the Trump administration\xe2\x80\x99s response to the coronavirus outbreak  https://nyti.ms/3aPCv5J\xc2\xa0",525,255,86,twitter.com/nytimes/status/1237762726962872321
272,nr,"""Thank you for being my friend, John.""\n\n2 American men have stayed in touch, texting back and forth and making new vacation plans, after they both contracted the coronavirus on the Diamond Princess cruise ship in Japan.\n https://nyti.ms/2IkbZoL\xc2\xa0",148,37,8,twitter.com/nytimes/status/1235349324088987648
273,nr,"NBCUniversal has sold $1.25 billion in ads for the Olympics in Tokyo this summer. If the media giant is anxious about the potential impact of the coronavirus, it's trying not to show it.\n https://nyti.ms/2vHeizk\xc2\xa0",137,60,23,twitter.com/nytimes/status/1235341776795422720
274,nr,"The House approved $8.3 billion in emergency aid to combat the coronavirus. The bipartisan package, which includes nearly $7.8 billion for agencies dealing with the virus, is substantially larger than what the White House proposed in late February.  http://nyti.ms/2Tpnh1j\xc2\xa0 https://twitter.com/nytimes/status/1235269234604769281\xc2\xa0\xe2\x80\xa6",325,111,28,twitter.com/nytimes/status/1235335782623215617
275,nr,"People are rewatching the star-studded 2011 thriller ""Contagion"" as the coronavirus outbreak continues. ""It felt like I was watching a documentary,"" writer and director Barry Jenkins said.\n https://nyti.ms/2TpddVS\xc2\xa0",597,179,44,twitter.com/nytimes/status/1235324166863282176
276,nr,President Trump responded to criticism over his administration's response to the coronavirus by pointing to testing regulations adopted under President Obama. Trump didn\xe2\x80\x99t explain why the restrictions weren't lifted earlier.\n https://nyti.ms/2VMMeFs\xc2\xa0,259,79,123,twitter.com/nytimes/status/1235314090496716800
277,nr,"Hundreds of millions of students around the globe are out of school as provinces, cities and towns work to contain the spread of the coronavirus  https://nyti.ms/3cFSzZw\xc2\xa0",275,92,15,twitter.com/nytimes/status/1235298997050494977
278,nr,"Breaking News: Italy is closing all schools, from day cares to universities, as the coronavirus outbreak spreads.\n\nOfficials said there have been more than 3,000 infections in the country, by far the biggest outbreak in Europe, and more than 100 deaths.\n https://nyti.ms/2IgL8Kj\xc2\xa0",1430,1074,83,twitter.com/nytimes/status/1235294698992005122
279,nr,"Officials in Los Angeles County declared a local state of emergency to help respond to cases of the coronavirus. \xe2\x80\x9cThis is a call for preparedness,\xe2\x80\x9d said Barbara Ferrer, the director of the LA County Department of Public Health.  https://nyti.ms/39oqcwP\xc2\xa0",236,106,25,twitter.com/nytimes/status/1235286412045545473
280,nr,Breaking News: The CDC has broadened the guidelines for coronavirus testing: Anyone with symptoms and a doctor's approval can get one. But there may not be enough kits yet.\n https://nyti.ms/2uXugVU\xc2\xa0,752,470,71,twitter.com/nytimes/status/1235281640085229568
281,nr,U.S. lawmakers reached a deal to provide $8.3 billion in emergency aid to combat the coronavirus. The House will vote on the spending package today.  https://nyti.ms/2Tpnh1j\xc2\xa0,263,115,46,twitter.com/nytimes/status/1235269234604769281
282,nr,Los Angeles County has identified 6 new cases of the coronavirus and declared a local state of emergency.\n\nFollow the latest on the coronavirus here.  https://nyti.ms/3ap098T\xc2\xa0,246,156,27,twitter.com/nytimes/status/1235266100402827271
283,nr,The Louvre has reopened after a 3-day closure over coronavirus fears. It's become an example of how large museums can respond to the virus outbreak.  https://nyti.ms/32OeTLX\xc2\xa0,252,71,7,twitter.com/nytimes/status/1235258723586707461
284,nr,"The producers of the James Bond movie franchise said that the release of the latest film, \xe2\x80\x9cNo Time To Die,\xe2\x80\x9d\xc2\xa0would be delayed until November. It\xe2\x80\x99s one of Hollywood\xe2\x80\x99s first significant responses to the coronavirus.  https://nyti.ms/3ate7Xj\xc2\xa0",727,280,78,twitter.com/nytimes/status/1235256955352109056
285,nr,"One man received death threats, others have had longtime friends and neighbors disappear on them: A growing number of people across the U.S. say they are being treated like pariahs after being associated with the coronavirus  https://nyti.ms/2uTPLH9\xc2\xa0",254,98,50,twitter.com/nytimes/status/1235238599194480642
286,nr,"During a two-week visit in early February, the leader of a World Health Organization team saw how China rapidly suppressed the coronavirus outbreak that had engulfed Wuhan, and was threatening the rest of the country  https://nyti.ms/39mJEK9\xc2\xa0",145,73,20,twitter.com/nytimes/status/1235223486974525442
287,nr,"In Opinion\n\nThe editorial board writes, ""Whatever the course of the coronavirus, mandatory sick leave for American workers would improve the lives of families and insulate the economy against pandemics""\n https://nyti.ms/2vEgOGB\xc2\xa0",247,93,28,twitter.com/nytimes/status/1235193305903882241
288,nr,Public health officials are increasingly worried that medical bills will discourage the poor and uninsured from undergoing testing for the coronavirus  https://nyti.ms/2TFPyQ0\xc2\xa0,1639,696,201,twitter.com/nytimes/status/1235178195172970496
289,nr,A text from his mother made a British director in Italy realize that making a movie about people hiding from a life-threatening disease had suddenly collided with a real-life event: the fast-spreading coronavirus outbreak  https://nyti.ms/2THbomu\xc2\xa0,161,47,6,twitter.com/nytimes/status/1235153029818658816
290,nr,"Many expatriates have the means \xe2\x80\x94 and the passports \xe2\x80\x94 to leave Hong Kong during the outbreak, but no intention of doing so, even as the economy takes a hit and new coronavirus infections crop up  https://nyti.ms/38l3F2w\xc2\xa0",107,15,9,twitter.com/nytimes/status/1235150503866183681
291,nr,At least 120 cases of coronavirus have been recorded in more than a dozen U.S. states. Vice President Mike Pence said the Centers for Disease Control and Prevention will expand testing for people who fear they have been infected.\n \nLatest updates:\n https://nyti.ms/32L8qkX\xc2\xa0,174,116,33,twitter.com/nytimes/status/1235147995785633793
292,nr,Here are @NYTParenting's tips on how parents and kids can navigate schools being closed over the coronavirus\n https://nyti.ms/336WDNX\xc2\xa0,95,37,14,twitter.com/nytimes/status/1237524928695373825
293,nr,"Many companies are blocking their ads from appearing next to sensitive terms linked to the coronavirus, creating keyword blacklists similar to the ones used to avoid stories about airplane crashes, mass shootings and impeachment proceedings\n https://nyti.ms/2W182xh\xc2\xa0",121,52,14,twitter.com/nytimes/status/1237521144166535168
294,nr,Coachella was postponed over coronavirus concerns. The giant music festival in the desert of Southern California will now take place in October.  https://nyti.ms/2Q5aFKH\xc2\xa0,708,292,44,twitter.com/nytimes/status/1237519386849599496
295,nr,"A look inside the Pentagon's press briefing room today, from our correspondent @helenecooper, where journalists are keeping their distance from each other due to the coronavirus.\n\nFollow the latest on the virus.  https://nyti.ms/2Q478wm\xc2\xa0 https://twitter.com/helenecooper/status/1237424243123593222\xc2\xa0\xe2\x80\xa6",294,103,23,twitter.com/nytimes/status/1237503511455121408
296,nr,"Breaking News: Bernie Sanders called off a rally planned for tonight in Ohio, the first major U.S. campaign event canceled due to coronavirus fears  https://nyti.ms/2TDfoWc\xc2\xa0",914,199,70,twitter.com/nytimes/status/1237478355529797632
297,nr,"A 69-year-old man in New Jersey is believed to be the first person in the Northeast to die from the coronavirus. He had a history of health problems and was treated last week for a fever and cough, officials said, but was not tested until Saturday.  https://nyti.ms/3cJeeA5\xc2\xa0",417,227,30,twitter.com/nytimes/status/1237473573784223744
298,nr,\xe2\x80\x94Gov. Andrew Cuomo announced a targeted containment strategy for the coronavirus in New Rochelle\n\xe2\x80\x94Officials in New Jersey announced the first virus death in the U.S. Northeast\n\nFollow @NYTMetro\xe2\x80\x99s updates about the coronavirus in the New York region here.  https://nyti.ms/2W0Ozg8\xc2\xa0,114,58,22,twitter.com/nytimes/status/1237470817983889408
299,nr,"Gov. Andrew Cuomo said New York State does not plan to close streets or impose travel restrictions as part of its coronavirus containment zone in New Rochelle. \xe2\x80\x9cYou\xe2\x80\x99re not containing people,\xe2\x80\x9d he said. \xe2\x80\x9cYou\xe2\x80\x99re containing facilities.\xe2\x80\x9d  https://nyti.ms/2W1m0zi\xc2\xa0",158,79,26,twitter.com/nytimes/status/1237460732607975427
300,nr,Harvard College and Ohio State University are the latest major American universities to suspend in-person classes and move to an online format in response to the coronavirus outbreak across the U.S.  https://nyti.ms/2TG9YcM\xc2\xa0,467,221,30,twitter.com/nytimes/status/1237455706833502213
301,nr,"When a New York lawyer went to a suburban hospital with breathing trouble, doctors put him an ordinary room, believing he had pneumonia. 4 days later they figured out what actually ailed him: the coronavirus.  https://nyti.ms/38DuzD8\xc2\xa0",457,242,37,twitter.com/nytimes/status/1237445637668569105
302,nr,"Doctors say the more than 555,000 homeless people in the U.S. are at a higher risk of contracting the coronavirus, and that if the chronically homeless catch the virus, they are more likely to die from it because of a lack of reliable health care.  https://nyti.ms/2xtb7vV\xc2\xa0",494,411,57,twitter.com/nytimes/status/1237440605799813120
303,nr,"Coachella organizers are in talks to postpone next month\xe2\x80\x99s festival until October to avoid outright cancellation because of the coronavirus, according to a person briefed on the negotiations  https://nyti.ms/2Q5qotb\xc2\xa0",199,64,23,twitter.com/nytimes/status/1237435582286102529
304,nr,"Breaking News: A one-mile \xe2\x80\x9ccontainment\xe2\x80\x9d zone is being created in New Rochelle, an epicenter of the coronavirus outbreak that\xe2\x80\x99s just outside New York City. The state plans to have the National Guard clean schools and deliver food.\n https://nyti.ms/39DAx88\xc2\xa0",1394,954,131,twitter.com/nytimes/status/1237429840099389445
305,nr,"For the first time since the coronavirus epidemic began, President Xi Jinping of China toured Wuhan, hoping to demonstrate that his government was containing a crisis that has tarnished his image at home and abroad\n https://nyti.ms/3cOxGer\xc2\xa0",118,40,64,twitter.com/nytimes/status/1237407903230898176
306,nr,"President Trump and his advisers are considering using FEMA as a vehicle to deliver funds to stimulate the economy against damage from the coronavirus, a move that could allow the administration to begin bolstering growth without waiting for Congress  https://nyti.ms/2wK6Fsl\xc2\xa0",232,111,96,twitter.com/nytimes/status/1237397826159677441
307,nr,"In Opinion\n\nE. Tammy Kim writes about Lasana Bridges, a nurse in Washington State who is on the front lines of the coronavirus outbreak, with no paid sick leave.  https://nyti.ms/38D4Me4\xc2\xa0",357,171,24,twitter.com/nytimes/status/1237372653016616960
308,nr,"As the coronavirus spreads around the world, comparisons between today\xe2\x80\x99s situation and the Spanish flu pandemic of 1918 are proliferating. The fear is similar, but the medical reality is not.  https://nyti.ms/2W1nqJR\xc2\xa0",1135,514,68,twitter.com/nytimes/status/1237339946047979521
309,nr,"Even before the coronavirus scourge, the Shincheonji Church of Jesus was viewed suspiciously over its tactics to attract tens of thousands of recruits. Now it has become the most vilified church in South Korea.  https://nyti.ms/2TWnkkp\xc2\xa0",236,103,33,twitter.com/nytimes/status/1237328605732012037
310,nr,"The Trump administration released several pages of simple behaviors for keeping schools, homes and businesses safe during a coronavirus outbreak. Here is what the guidelines recommend.  https://nyti.ms/2PZO5mC\xc2\xa0",165,62,36,twitter.com/nytimes/status/1237321055892627458
311,nr,"As anxiety about coronavirus gave way to fear, investors on Wall Street dumped shares, watched the news and fielded client calls. ""I have no energy left to speak,"" one Goldman Sachs banker said.  https://nyti.ms/39zvsxx\xc2\xa0",164,74,43,twitter.com/nytimes/status/1236431457456971777
312,nr,"Debate has raged in the Trump administration over what to tell the public about the coronavirus, with the president especially hesitant to raise alarm\n https://nyti.ms/39xMtYV\xc2\xa0",397,216,161,twitter.com/nytimes/status/1236416361116598277
313,nr,Breaking News: Italy is weighing a plan to restrict the movement of a fourth of its population in the most extreme effort to contain the coronavirus outside China  https://nyti.ms/38BwN5D\xc2\xa0,798,507,56,twitter.com/nytimes/status/1236412825536520195
314,nr,Our reporter @jackhealyNYT is covering the coronavirus outbreak in Washington state. Debbie de los Angeles invited him to shadow her family as they searched for answers about her mother\xe2\x80\x99s care at the Life Care Center in Kirkland. Then the worst happened.  https://nyti.ms/32XqGrc\xc2\xa0 https://twitter.com/jackhealyNYT/status/1236019146812534784\xc2\xa0\xe2\x80\xa6,263,132,36,twitter.com/nytimes/status/1236384105740337153
315,nr,"A top Italian political leader, based in Rome, announced on Saturday he had contracted the coronavirus. His case represented a new stage in Italy\xe2\x80\x99s outbreak, which had been concentrated in the country\xe2\x80\x99s wealthy and industrious north.  https://nyti.ms/3ayGwLB\xc2\xa0",316,189,43,twitter.com/nytimes/status/1236371066123149313
316,nr,Map: The number of known coronavirus cases in the U.S. continues to grow  https://nyti.ms/2TxYd8c\xc2\xa0,330,216,60,twitter.com/nytimes/status/1236366068429529090
317,nr,Update: Gov. Andrew Cuomo declared a state of emergency in New York on Saturday as the number of confirmed cases of coronavirus in the state rose to 76  https://nyti.ms/2VSp00I\xc2\xa0 https://twitter.com/nytimes/status/1236340869126672391\xc2\xa0\xe2\x80\xa6,727,590,50,twitter.com/nytimes/status/1236348758142652416
318,nr,"Many public health experts now fear a potentially dire situation: If the novel coronavirus becomes an epidemic in the U.S., it could exacerbate the vulnerabilities of resource-strapped minorities and cause devastating consequences  https://nyti.ms/2VRVZCr\xc2\xa0",466,257,81,twitter.com/nytimes/status/1236345903809781770
319,nr,"A man who drives for taxi or ride-hailing services in Queens tested positive for the coronavirus. The new case prompted more than 40 doctors, nurses and other workers at the Queens hospital he visited to go into self-quarantine, officials said on Saturday.  https://nyti.ms/39JfAbO\xc2\xa0",1424,1011,106,twitter.com/nytimes/status/1236340869126672391
320,nr,"A hotel in Fujian Province in China where officials had placed people who might have had contact with coronavirus patients collapsed on Saturday night, trapping dozens in the rubble, according to officials and local news outlets  https://nyti.ms/39xiMXX\xc2\xa0",257,175,50,twitter.com/nytimes/status/1236333289700548608
321,nr,"To help contain the coronavirus outbreak, the government in Denmark has asked mayors to suspend naturalization ceremonies, which require a mandatory handshake  https://nyti.ms/2PXwf3A\xc2\xa0",233,102,44,twitter.com/nytimes/status/1236330797881229312
322,nr,New York City public schools will probably stay open even if the new coronavirus becomes more widespread because schools double as social service centers for hundreds of thousands of poor students. Officials called long-term closings an \xe2\x80\x9cextreme\xe2\x80\x9d measure.\n https://nyti.ms/330bzgO\xc2\xa0,738,311,100,twitter.com/nytimes/status/1236325758068457475
323,nr,"Coronavirus updates: \n\xe2\x80\x94Florida reported 2 deaths, bringing the toll in the U.S. to 17\n\xe2\x80\x94An Italian politician says he has the coronavirus\n\xe2\x80\x94An American church group is quarantined in the West Bank\n\nRead more:\n https://nyti.ms/2v0FwRe\xc2\xa0",452,267,53,twitter.com/nytimes/status/1236298081391513602
324,nr,"Here\xe2\x80\x99s how some people are dealing with social contact in the time of the coronavirus, from handshakes to hookups\n https://nyti.ms/38reX5n\xc2\xa0",195,72,22,twitter.com/nytimes/status/1236295570010116097
325,nr,"""Thank you for being my friend, John.""\n\n2 American men have stayed in touch, texting back and forth and making new vacation plans, after they both contracted the coronavirus on the Diamond Princess cruise ship in Japan.\n https://nyti.ms/2TD4LBs\xc2\xa0",169,31,11,twitter.com/nytimes/status/1236275467121983489
326,nr,Here\xe2\x80\x99s a list of frequently asked questions about the coronavirus outbreak and its symptoms\n https://nyti.ms/2TKhIts\xc2\xa0,155,102,29,twitter.com/nytimes/status/1236270385139777536
327,nr,"The coronavirus, by the numbers: A mathematician who studies the spread of disease explains some of the figures that keep popping up in news about the outbreak  https://nyti.ms/2IsyDv6\xc2\xa0",365,137,33,twitter.com/nytimes/status/1236260337181130752
328,nr,Analysts say Europe's social programs and protective labor rules could serve as a powerful counter against the coronavirus's feared economic toll  https://nyti.ms/2PWHyt4\xc2\xa0,3523,1269,190,twitter.com/nytimes/status/1236215051859693568
329,nr,"\xe2\x80\x94Florida reported 2 deaths from the coronavirus, the first on the East Coast\n\xe2\x80\x94Everyone on the Grand Princess cruise ship will be tested, after 21 tested positive\n\xe2\x80\x94South by Southwest leads a long list of canceled events\n\nLatest updates:\n https://nyti.ms/2TOmgit\xc2\xa0",518,289,54,twitter.com/nytimes/status/1236149606968446976
330,nr,"Days after a coronavirus outbreak emerged inside a nursing home in suburban Seattle, leaders at 2 other complexes that serve older residents in the region said that each of those facilities had a resident who had tested positive for the virus  https://nyti.ms/2v110xv\xc2\xa0",284,164,28,twitter.com/nytimes/status/1236134491611070464
